Unique_ID,Platform,Distributor,Description,Min_CPU,Min_RAM_GB,Min_Storage_GB,Installed_Software,Image_Version
1,Windows,Windows Server,"A general-purpose VM suitable for Windows-based workloads",2,4,50,"OS:Windows Server 2019, IIS:10.0, SQL Server:2019",2019
2,Linux,Ubuntu,"A lightweight VM for Linux development environments",1,2,20,"OS:Ubuntu 20.04, Apache:2.4, MySQL:8.0",20.04
3,Windows,Windows Pro,"High-performance VM for Windows desktop applications",4,8,100,"OS:Windows 10 Pro, Office:2019, Visual Studio:2019",win10_pro
4,Linux,CentOS,"Stable and secure VM for server applications",2,4,50,"OS:CentOS 8, Nginx:1.18, PostgreSQL:13",centos_8
5,MacOS,MacOS,"High-end VM for macOS development and testing",4,16,200,"OS:macOS Catalina, Xcode:12.4, Homebrew:2.7",10.15
6,Linux,Ubuntu,"Compute-optimized VM with a high CPU-to-memory ratio",4,8,100,"OS:Ubuntu 20.04, Docker:20.10, Kubernetes:1.20",20.04
7,Windows,Windows Server,"High memory capacity VM for in-memory databases on Windows",4,16,200,"OS:Windows Server 2019, Redis:6.0, MongoDB:4.4",2019
8,Linux,CentOS,"Storage-optimized VM for data warehousing",2,8,500,"OS:CentOS 8, Hadoop:3.2, Spark:3.0",centos_8_storage
9,Windows,Windows Pro,"Graphics-optimized VM for GPU-accelerated Windows applications",8,32,1000,"OS:Windows 10 Pro, CUDA:11.2, TensorFlow:2.4",win10_pro_gpu
10,MacOS,MacOS,"VM for macOS graphics and video editing",8,32,1000,"OS:macOS Catalina, Final Cut Pro:10.5, Adobe Creative Suite:2020",macos_10.15
11,Linux,Ubuntu,"Web application server optimized for hosting web apps",2,4,50,"OS:Ubuntu 20.04, Apache:2.4, PHP:7.4, MySQL:8.0",20.04_web
12,Linux,CentOS,"Database server optimized for high-performance databases",4,16,100,"OS:CentOS 8, MySQL:8.0, PostgreSQL:13",8
13,Windows,Windows Server,"Firewall server for network security and traffic monitoring",2,4,50,"OS:Windows Server 2019, Windows Defender:10.0, Firewall Software:2.0",2019
14,Linux,Ubuntu,"Firewall server for network security and traffic monitor3ing",2,4,50,"OS:Ubuntu 20.04, UFW:0.36, FirewallD:0.8",20.04_firewall
15,Windows,Windows Server,"High-performance VM for Windows-based web applications",4,8,100,"OS:Windows Server 2019, IIS:10.0, ASP.NET:4.8",2019_server
16,Linux,CentOS,"Database server optimized for big data applications",4,16,200,"OS:CentOS 8, Cassandra:3.11, HBase:2.2",centos_8_database